id:string,nombre:string,contraseña:string,recurso_id:string
0,Aarón,qeoihoL<Kn,
1,Abdón,yDuRShMxoN,41
2,Abel,a&49RCs0vB,105
3,Abelardo,O1DBQ4b9<W,103
4,Abrahán,ysPCro8DGo,12
5,Absalón,x0sOZBS5tc,99
6,Acacio,ICqd5LfuZt,151
7,Adalberto,09uqP8OUxp,76
8,Adán,bSvfinUo&<,152
9,Adela,pB4l7a>EA4,150
10,Adelaida,9uSWV48s7r,
11,Adolfo,#2d1BEhej6,66
12,Adón,EjjVL4casA,154
13,Adrián,6IBBK6Ut8t,16
14,Agustín,BczvQLaDce,96
15,Aitor,l3c1QPWg4U,170
16,Alba,nVlY#maigK,86
17,Albert,Rgar<83oNP,156
18,Alberto,XfYcIw=V%c,57
19,Albina,vH5TNFPc<k,168
20,Alejandra,=FPdlA6Djf,
21,Alejandro,5PEdMu5jbt,114
22,Alejo,#zOLPfL6K7,32
23,Alfonso,2&jph&xeAg,112
24,Alfredo,6%9ubPiv>g,6
25,Alicia,FkBkbYWpHH,166
26,Alipio,Mo7HrvXE#v,24
27,Almudena,GZT5H38<T6,0
28,Alonso,LhwaIzrFxO,153
29,Álvaro,>Sq0OH4Aov,19
30,Amadeo,f9Ad8C7%Es,
31,Amaro,H&HE%LIDzN,165
32,Ambrosio,Rgt7#6EEXe,15
33,Amelia,H#4ozfPU9o,46
34,Amparo,M3lata=TN8,23
35,Ana,DgnLxs69fO,144
36,Ananías,oURG59jaXu,1
37,Anastasia,T3XkceuV#V,8
38,Anatolio,Kz57&xyYVH,171
39,Andrea,EFy=oaYmkt,13
40,Andrés,4LHJ=NX<j6,
41,Ángel,7yiEwlk#Dy,117
42,Ángela,7#e#x%hQGz,71
43,Ángeles,Xddd1XL2#&,91
44,Aniano,5EXbMbSzeZ,90
45,Anna,06BUnlaA98,160
46,Anselmo,3G%WhMAV>A,101
47,Antero,&HN0x6I5nJ,85
48,Antonia,Cpm0%Oat1u,123
49,Antonio,FlLJBV1PnR,104
50,Aquiles,yYR8uQRW4x,
51,Araceli,eX0<OueEyO,33
52,Aránzazu,ZXn4l1F0Eb,162
53,Arcadio,Fk0ObltJkf,133
54,Aresio,5Dt3iAITkq,58
55,Ariadna,RPRWvUSIkp,108
56,Aristides,&mUsz4GMwk,38
57,Arnaldo,kbD83CAhx<,42
58,Artemio,hhz6A8V9O1,82
59,Arturo,Wd1g#%SRz<,184
60,Ascensión,JpPDy4xyju,
61,Asunción,v#LWZ=3kjv,2
62,Atanasio,9&pLVMB8nq,134
63,Augusto,&U0vYiEpXd,11
64,Áurea,dXVoy3#d&c,26
65,Aurelia,RN7zgeRobQ,169
66,Aureliano,6PLXIBI<m>,50
67,Aurelio,lKjHw3J2DN,185
68,Aurora,LfNOhtV8VE,49
69,Baldomero,YCo6FRGXKt,193
70,Balduino,%QC&lL0I0I,
71,Baltasar,6v53qHNdNo,187
72,Bárbara,aE4W9x5ibk,81
73,Bartolomé,85=ydltWrT,149
74,Basileo,Ss=MMu0N2e,191
75,Beatriz,uzFuVFG#lb,61
76,Begoña,6l>ufGZMCc,124
77,Belén,htourxdJM8,186
78,Beltrán,3tAIcg=6ha,34
79,Benedicto,9=qTJb32JN,141
80,Benigno,J9dbQHmcHS,
81,Benito,Mzh<drxEQM,145
82,Benjamín,Ig9jroWrFZ,5
83,Bernabé,INpAK%GAb<,157
84,Bernarda,x2JABjvCao,52
85,Bernardo,6FXEChzJ2i,65
86,Blanca,<T5Hs0SgiG,132
87,Blas,KDIHS0Jo21,198
88,Bonifacio,8=%ASCXbP5,161
89,Borja,sb%UXVj9LC,118
90,Bruno,SjLg3AtOW5,
91,Calixto,gtu%mZSK%S,115
92,Camilo,enIC0%DD0u,43
93,Cándida,toVARgJZnO,159
94,Carina,q=jU>OFyu4,20
95,Carlos,aja33#FdYE,106
96,Carmelo,escMhIs2<b,7
97,Carmen,sIrdYGM<5C,73
98,Carolina,JFIneEexsM,111
99,Casiano,MK%llxltkS,31
100,Casimiro,TzxZSqA0PM,
101,Casio,urz&sB9KSN,68
102,Catalina,#Vaz86ne>T,178
103,Cayetano,li1T2aXZ96,47
104,Cayo,koR3H12in6,51
105,Cecilia,mUW4P4X8YQ,177
106,Ceferino,tx8iALf4Dm,10
107,Celia,p0P&kfoPU5,53
108,Celina,Mi8X#I%UV3,147
109,Celso,YI4ice5oKY,172
110,César,JTS&svLGKv,
111,Cesáreo,cyKpXFqDzz,125
112,Cipriano,27KM6uUhjM,196
113,Cirilo,13b%PC28Tl,17
114,Cirino,RGL1vhUsNO,30
115,Ciro,G%4Ll0zT%I,109
116,Clara,T3GD5vlwo9,9
117,Claudia,ewWGNRz3&E,180
118,Claudio,bZjWt>>c=H,98
119,Cleofás,lZT5yncF=Q,194
120,Clotilde,GT9mRKUk8v,
121,Colombo,gyquo3s89w,62
122,Columba,My&JV=UNB#,56
123,Columbano,oYMsrjJrzR,74
124,Concepción,Jw02Ee#bBw,155
125,Conrado,TSkDXRZPNS,29
126,Constancio,ZZ8Zy6UQrr,127
127,Constantino,s%aiOCxN59,60
128,Consuelo,AB7X%A83UZ,84
129,Cosme,Yomzbm%<my,176
130,Cristian,Eb&HDXlBU5,
131,Cristina,kf3pZa2F7e,143
132,Cristóbal,zd>eK3aKPf,80
133,Daciano,7IZKKOuh&n,126
134,Dacio,eTK7k7RBnJ,44
135,Dámaso,4uJF&kL4tU,121
136,Damián,FlUo6ORcqM,175
137,Daniel,Y%ji9HHXJ1,28
138,Dario,BQEZ02k7qN,55
139,David,c3k=UAnAIB,3
140,Demócrito,HKSSuXuO<>,
141,Diego,RLYE=DqqHt,131
142,Dimas,6=ACBSvr5J,35
143,Dolores,>GvBynLLHV,146
144,Domingo,w>qvTM<&g&,148
145,Donato,=8=uvjot=>,119
146,Dorotea,HUVl9bd<sn,142
147,Edgar,BF6S8E<78B,94
148,Edmundo,kKEQMLI=PF,72
149,Eduardo,QztvlhAuFn,75
150,Eduvigis,jLe4mY1nEo,
151,Efrén,#vdGdxdCU>,181
152,Elena,KC8WUe2jTh,195
153,Elías,5i>UUKrj5K,116
154,Elisa,3UAYn3mu5K,78
155,Eliseo,2A7<mfht<#,128
156,Elvira,f#CmrKblQ&,173
157,Emilia,JXzPuwCl9N,138
158,Emiliano,NK5FtsLB0Y,110
159,Emilio,nFN7fGv5LT,64
160,Encarnación,Npqz2SHWZ&,
161,Enrique,4a0jeXpsoN,77
162,Epifanía,zq2NKPCJAT,59
163,Erico,5cWCc=&AI9,92
164,Ernesto,dZXDGzVnXr,70
165,Esdras,RWm35R3P5B,14
166,Esiquio,aoWMBTIQKW,95
167,Esperanza,zn=yuVTW2J,140
168,Esteban,h0%AFt9HnL,199
169,Ester,gzLp2>5aOH,167
170,Esther,vaK#T2I7IL,
171,Eugenia,o6zamua8pN,22
172,Eugenio,XOAU%pFnE3,174
173,Eulalia,0aOfT&&SfP,27
174,Eusebio,hCco>S<2T6,192
175,Eva,THL3UqZFJ4,88
176,Evaristo,bB20tAqdTk,197
177,Ezequiel,l8f<laE#6E,21
178,Fabián,#zBdB=EeOs,120
179,Fabio,s2Rswwn5mC,129
180,Fabiola,Bt28OclZtP,
181,Facundo,4nRNBbByaL,54
182,Fátima,t#Y#kXl#Th,107
183,Faustino,EeBGBeWoW7,139
184,Fausto,1x0hDsv&<x,36
185,Federico,MImlymEUnL,100
186,Feliciano,y7a6KR18T8,40
187,Felipe,%Ew4uZR>Ju,158
188,Félix,&&JKFjhovu,179
189,Fermín,A8QC8PTX9K,25
190,Fernando,MkCl%QwIou,
191,Fidel,XN<LVbPAKt,163
192,Fortunato,f#qUNVB#qG,97
193,Francesc,9D<Kr0a6e1,39
194,Francisca,S&AVO&Hiqw,63
195,Francisco,D8KVvWmCi8,87
196,Fulgencio,TZ%S%iUROx,136
197,Gabriel,YMMkHn6ZSA,130
198,Gema,EPohfv0f6w,4
199,Genoveva,7>jTsbDEP7,137
200,Gerardo,B30BiJXi>5,
201,Germán,kjq9AmhK99,18
202,Gertrudis,6fytp6oG6z,190
203,Gisela,ZDQ7H7XqtO,48
204,Gloria,DAk#PvV8sh,69
205,Godofredo,gLTCEzHXmG,89
206,Gonzalo,ow2QH<YRZ8,83
207,Gregorio,69QHxCu%02,135
208,Guadalupe,A%zcvu6Bw5,182
209,Guido,bQDUpb3<wW,45
